-- ============================================
-- FILE 2: Seed Employees, Schedules, Vacations (Oracle SQL)
--
-- REVAMP: Replaces former 02_seed_doctors.sql and 03_seed_staff.sql.
-- Doctor (15) + Staff (24) are now a single Employee table, discriminated by
-- employee_type. Doctors keep IDs 1-15; former staff are remapped to 16-39.
--
--   Doctors (employee_id 1-15):
--     - employee_type = 'Doctor'
--     - specialization + license_number populated
--     - role = NULL
--   Non-clinical staff (employee_id 16-39):
--     - employee_type = Nurse / Lab Technician / Receptionist /
--                       Pharmacist / Administrative Assistant
--     - role populated
--     - specialization + license_number = NULL
--
-- Also seeds:
--   - DoctorSchedule (205 rows) -- employee_id references Employee(Doctor).
--     max_appointments has been REMOVED per the revamp (BR4 retired).
--   - DoctorVacation (6 rows) -- employee_id references Employee(Doctor).
--
-- NOTE: identity columns must use GENERATED BY DEFAULT AS IDENTITY to
-- allow explicit ID inserts.
-- After seeding, reset with:
--   ALTER TABLE Employee MODIFY (employee_id GENERATED ALWAYS AS IDENTITY START WITH LIMIT VALUE);
--   ALTER TABLE DoctorSchedule MODIFY (schedule_id GENERATED ALWAYS AS IDENTITY START WITH LIMIT VALUE);
--   ALTER TABLE DoctorVacation MODIFY (vacation_id GENERATED ALWAYS AS IDENTITY START WITH LIMIT VALUE);
-- ============================================

-- ============================================
-- SECTION 1: Insert 15 Doctors (employee_id 1-15)
-- ============================================

-- Cardiology (dept 1)
INSERT INTO Employee (employee_id, department_id, employee_type, first_name, last_name, specialization, license_number, role, phone, email, status, hire_date) VALUES (1, 1, 'Doctor', 'Robert', 'Chen', 'Interventional Cardiology', 'LIC-MA-10001', NULL, '617-555-1001', 'robert.chen@hospital.com', 'Active', DATE '2015-06-01');
INSERT INTO Employee (employee_id, department_id, employee_type, first_name, last_name, specialization, license_number, role, phone, email, status, hire_date) VALUES (2, 1, 'Doctor', 'Sarah', 'Patel', 'Electrophysiology', 'LIC-MA-10002', NULL, '617-555-1002', 'sarah.patel@hospital.com', 'Active', DATE '2017-03-15');
-- Orthopedics (dept 2)
INSERT INTO Employee (employee_id, department_id, employee_type, first_name, last_name, specialization, license_number, role, phone, email, status, hire_date) VALUES (3, 2, 'Doctor', 'Michael', 'Johnson', 'Sports Medicine', 'LIC-MA-10003', NULL, '617-555-1003', 'michael.johnson@hospital.com', 'Active', DATE '2014-09-01');
INSERT INTO Employee (employee_id, department_id, employee_type, first_name, last_name, specialization, license_number, role, phone, email, status, hire_date) VALUES (4, 2, 'Doctor', 'Emily', 'Rodriguez', 'Joint Replacement', 'LIC-MA-10004', NULL, '617-555-1004', 'emily.rodriguez@hospital.com', 'Active', DATE '2018-01-10');
-- Neurology (dept 3)
INSERT INTO Employee (employee_id, department_id, employee_type, first_name, last_name, specialization, license_number, role, phone, email, status, hire_date) VALUES (5, 3, 'Doctor', 'David', 'Kim', 'Stroke Neurology', 'LIC-MA-10005', NULL, '617-555-1005', 'david.kim@hospital.com', 'Active', DATE '2013-04-15');
INSERT INTO Employee (employee_id, department_id, employee_type, first_name, last_name, specialization, license_number, role, phone, email, status, hire_date) VALUES (6, 3, 'Doctor', 'Lisa', 'Nakamura', 'Epilepsy', 'LIC-MA-10006', NULL, '617-555-1006', 'lisa.nakamura@hospital.com', 'Active', DATE '2019-07-01');
-- Pediatrics (dept 4)
INSERT INTO Employee (employee_id, department_id, employee_type, first_name, last_name, specialization, license_number, role, phone, email, status, hire_date) VALUES (7, 4, 'Doctor', 'James', 'O''Brien', 'General Pediatrics', 'LIC-MA-10007', NULL, '617-555-1007', 'james.obrien@hospital.com', 'Active', DATE '2012-08-15');
INSERT INTO Employee (employee_id, department_id, employee_type, first_name, last_name, specialization, license_number, role, phone, email, status, hire_date) VALUES (8, 4, 'Doctor', 'Priya', 'Sharma', 'Pediatric Cardiology', 'LIC-MA-10008', NULL, '617-555-1008', 'priya.sharma@hospital.com', 'Active', DATE '2020-02-01');
-- Oncology (dept 5)
INSERT INTO Employee (employee_id, department_id, employee_type, first_name, last_name, specialization, license_number, role, phone, email, status, hire_date) VALUES (9, 5, 'Doctor', 'William', 'Nguyen', 'Medical Oncology', 'LIC-MA-10009', NULL, '617-555-1009', 'william.nguyen@hospital.com', 'Active', DATE '2016-11-01');
INSERT INTO Employee (employee_id, department_id, employee_type, first_name, last_name, specialization, license_number, role, phone, email, status, hire_date) VALUES (10, 5, 'Doctor', 'Angela', 'Martinez', 'Radiation Oncology', 'LIC-MA-10010', NULL, '617-555-1010', 'angela.martinez@hospital.com', 'Active', DATE '2018-05-15');
-- General Surgery (dept 6)
INSERT INTO Employee (employee_id, department_id, employee_type, first_name, last_name, specialization, license_number, role, phone, email, status, hire_date) VALUES (11, 6, 'Doctor', 'Thomas', 'Wright', 'Laparoscopic Surgery', 'LIC-MA-10011', NULL, '617-555-1011', 'thomas.wright@hospital.com', 'Active', DATE '2015-01-10');
-- Emergency Medicine (dept 7)
INSERT INTO Employee (employee_id, department_id, employee_type, first_name, last_name, specialization, license_number, role, phone, email, status, hire_date) VALUES (12, 7, 'Doctor', 'Catherine', 'Lee', 'Emergency Trauma', 'LIC-MA-10012', NULL, '617-555-1012', 'catherine.lee@hospital.com', 'Active', DATE '2014-03-01');
INSERT INTO Employee (employee_id, department_id, employee_type, first_name, last_name, specialization, license_number, role, phone, email, status, hire_date) VALUES (13, 7, 'Doctor', 'Ahmed', 'Hassan', 'Critical Care', 'LIC-MA-10013', NULL, '617-555-1013', 'ahmed.hassan@hospital.com', 'Active', DATE '2017-09-15');
-- Internal Medicine (dept 8)
INSERT INTO Employee (employee_id, department_id, employee_type, first_name, last_name, specialization, license_number, role, phone, email, status, hire_date) VALUES (14, 8, 'Doctor', 'Jennifer', 'Davis', 'General Internal Medicine', 'LIC-MA-10014', NULL, '617-555-1014', 'jennifer.davis@hospital.com', 'Active', DATE '2013-06-01');
INSERT INTO Employee (employee_id, department_id, employee_type, first_name, last_name, specialization, license_number, role, phone, email, status, hire_date) VALUES (15, 8, 'Doctor', 'Richard', 'Thompson', 'Pulmonology', 'LIC-MA-10015', NULL, '617-555-1015', 'richard.thompson@hospital.com', 'Active', DATE '2019-01-15');

BEGIN
    DBMS_OUTPUT.PUT_LINE('Doctors seeded successfully (15 doctors).');
END;
/

-- ============================================
-- SECTION 2: Insert 24 non-clinical staff (employee_id 16-39)
-- Former Staff table rows, remapped +15.
-- ============================================

-- Nurses (former staff 1-8 -> 16-23)
INSERT INTO Employee (employee_id, department_id, employee_type, first_name, last_name, specialization, license_number, role, phone, email, status, hire_date) VALUES (16, 1, 'Nurse', 'Maria', 'Gonzalez', NULL, NULL, 'Nurse', '617-555-2001', 'maria.gonzalez@hospital.com', 'Active', DATE '2016-03-15');
INSERT INTO Employee (employee_id, department_id, employee_type, first_name, last_name, specialization, license_number, role, phone, email, status, hire_date) VALUES (17, 2, 'Nurse', 'Danielle', 'Brooks', NULL, NULL, 'Nurse', '617-555-2002', 'danielle.brooks@hospital.com', 'Active', DATE '2017-06-01');
INSERT INTO Employee (employee_id, department_id, employee_type, first_name, last_name, specialization, license_number, role, phone, email, status, hire_date) VALUES (18, 3, 'Nurse', 'Kevin', 'Park', NULL, NULL, 'Nurse', '617-555-2003', 'kevin.park@hospital.com', 'Active', DATE '2015-09-10');
INSERT INTO Employee (employee_id, department_id, employee_type, first_name, last_name, specialization, license_number, role, phone, email, status, hire_date) VALUES (19, 4, 'Nurse', 'Samantha', 'Miller', NULL, NULL, 'Nurse', '617-555-2004', 'samantha.miller@hospital.com', 'Active', DATE '2018-01-20');
INSERT INTO Employee (employee_id, department_id, employee_type, first_name, last_name, specialization, license_number, role, phone, email, status, hire_date) VALUES (20, 5, 'Nurse', 'Tyrone', 'Jackson', NULL, NULL, 'Nurse', '617-555-2005', 'tyrone.jackson@hospital.com', 'Active', DATE '2016-11-05');
INSERT INTO Employee (employee_id, department_id, employee_type, first_name, last_name, specialization, license_number, role, phone, email, status, hire_date) VALUES (21, 6, 'Nurse', 'Rachel', 'Cohen', NULL, NULL, 'Nurse', '617-555-2006', 'rachel.cohen@hospital.com', 'Active', DATE '2019-04-15');
INSERT INTO Employee (employee_id, department_id, employee_type, first_name, last_name, specialization, license_number, role, phone, email, status, hire_date) VALUES (22, 7, 'Nurse', 'Patrick', 'Sullivan', NULL, NULL, 'Nurse', '617-555-2007', 'patrick.sullivan@hospital.com', 'Active', DATE '2014-08-01');
INSERT INTO Employee (employee_id, department_id, employee_type, first_name, last_name, specialization, license_number, role, phone, email, status, hire_date) VALUES (23, 8, 'Nurse', 'Aisha', 'Ibrahim', NULL, NULL, 'Nurse', '617-555-2008', 'aisha.ibrahim@hospital.com', 'Active', DATE '2020-02-10');

-- Lab Technicians (former staff 9-12 -> 24-27)
INSERT INTO Employee (employee_id, department_id, employee_type, first_name, last_name, specialization, license_number, role, phone, email, status, hire_date) VALUES (24, 1, 'Lab Technician', 'Yuki', 'Tanaka', NULL, NULL, 'Lab Technician', '617-555-2009', 'yuki.tanaka@hospital.com', 'Active', DATE '2017-05-01');
INSERT INTO Employee (employee_id, department_id, employee_type, first_name, last_name, specialization, license_number, role, phone, email, status, hire_date) VALUES (25, 3, 'Lab Technician', 'Carlos', 'Rivera', NULL, NULL, 'Lab Technician', '617-555-2010', 'carlos.rivera@hospital.com', 'Active', DATE '2018-07-15');
INSERT INTO Employee (employee_id, department_id, employee_type, first_name, last_name, specialization, license_number, role, phone, email, status, hire_date) VALUES (26, 5, 'Lab Technician', 'Hannah', 'Foster', NULL, NULL, 'Lab Technician', '617-555-2011', 'hannah.foster@hospital.com', 'Active', DATE '2016-10-01');
INSERT INTO Employee (employee_id, department_id, employee_type, first_name, last_name, specialization, license_number, role, phone, email, status, hire_date) VALUES (27, 8, 'Lab Technician', 'Derek', 'Wallace', NULL, NULL, 'Lab Technician', '617-555-2012', 'derek.wallace@hospital.com', 'Active', DATE '2019-01-15');

-- Receptionists (former staff 13-16 -> 28-31)
INSERT INTO Employee (employee_id, department_id, employee_type, first_name, last_name, specialization, license_number, role, phone, email, status, hire_date) VALUES (28, 1, 'Receptionist', 'Nicole', 'Adams', NULL, NULL, 'Receptionist', '617-555-2013', 'nicole.adams@hospital.com', 'Active', DATE '2015-03-01');
INSERT INTO Employee (employee_id, department_id, employee_type, first_name, last_name, specialization, license_number, role, phone, email, status, hire_date) VALUES (29, 4, 'Receptionist', 'Brian', 'Murphy', NULL, NULL, 'Receptionist', '617-555-2014', 'brian.murphy@hospital.com', 'Active', DATE '2017-09-15');
INSERT INTO Employee (employee_id, department_id, employee_type, first_name, last_name, specialization, license_number, role, phone, email, status, hire_date) VALUES (30, 6, 'Receptionist', 'Alicia', 'Torres', NULL, NULL, 'Receptionist', '617-555-2015', 'alicia.torres@hospital.com', 'Active', DATE '2018-12-01');
INSERT INTO Employee (employee_id, department_id, employee_type, first_name, last_name, specialization, license_number, role, phone, email, status, hire_date) VALUES (31, 7, 'Receptionist', 'Jason', 'Reed', NULL, NULL, 'Receptionist', '617-555-2016', 'jason.reed@hospital.com', 'Active', DATE '2016-06-15');

-- Pharmacists (former staff 17-20 -> 32-35)
INSERT INTO Employee (employee_id, department_id, employee_type, first_name, last_name, specialization, license_number, role, phone, email, status, hire_date) VALUES (32, 2, 'Pharmacist', 'Megan', 'Clark', NULL, NULL, 'Pharmacist', '617-555-2017', 'megan.clark@hospital.com', 'Active', DATE '2015-11-01');
INSERT INTO Employee (employee_id, department_id, employee_type, first_name, last_name, specialization, license_number, role, phone, email, status, hire_date) VALUES (33, 5, 'Pharmacist', 'Raj', 'Gupta', NULL, NULL, 'Pharmacist', '617-555-2018', 'raj.gupta@hospital.com', 'Active', DATE '2017-02-15');
INSERT INTO Employee (employee_id, department_id, employee_type, first_name, last_name, specialization, license_number, role, phone, email, status, hire_date) VALUES (34, 7, 'Pharmacist', 'Stephanie', 'Barnes', NULL, NULL, 'Pharmacist', '617-555-2019', 'stephanie.barnes@hospital.com', 'Active', DATE '2019-08-01');
INSERT INTO Employee (employee_id, department_id, employee_type, first_name, last_name, specialization, license_number, role, phone, email, status, hire_date) VALUES (35, 8, 'Pharmacist', 'Omar', 'Farah', NULL, NULL, 'Pharmacist', '617-555-2020', 'omar.farah@hospital.com', 'Active', DATE '2018-04-15');

-- Administrative Assistants (former staff 21-24 -> 36-39)
INSERT INTO Employee (employee_id, department_id, employee_type, first_name, last_name, specialization, license_number, role, phone, email, status, hire_date) VALUES (36, 1, 'Administrative Assistant', 'Christine', 'Wagner', NULL, NULL, 'Administrative Assistant', '617-555-2021', 'christine.wagner@hospital.com', 'Active', DATE '2016-01-10');
INSERT INTO Employee (employee_id, department_id, employee_type, first_name, last_name, specialization, license_number, role, phone, email, status, hire_date) VALUES (37, 3, 'Administrative Assistant', 'Dennis', 'Hoffman', NULL, NULL, 'Administrative Assistant', '617-555-2022', 'dennis.hoffman@hospital.com', 'Active', DATE '2017-07-01');
INSERT INTO Employee (employee_id, department_id, employee_type, first_name, last_name, specialization, license_number, role, phone, email, status, hire_date) VALUES (38, 6, 'Administrative Assistant', 'Laura', 'Simmons', NULL, NULL, 'Administrative Assistant', '617-555-2023', 'laura.simmons@hospital.com', 'Active', DATE '2019-03-15');
INSERT INTO Employee (employee_id, department_id, employee_type, first_name, last_name, specialization, license_number, role, phone, email, status, hire_date) VALUES (39, 8, 'Administrative Assistant', 'Marcus', 'Young', NULL, NULL, 'Administrative Assistant', '617-555-2024', 'marcus.young@hospital.com', 'Active', DATE '2020-06-01');

BEGIN
    DBMS_OUTPUT.PUT_LINE('Non-clinical staff seeded successfully (24 employees, IDs 16-39).');
END;
/

-- ============================================
-- SECTION 3: Update Department head_employee_id
-- Each department is headed by its senior doctor.
-- ============================================
UPDATE Department SET head_employee_id = 1  WHERE department_id = 1;  -- Cardiology -> Dr. Chen
UPDATE Department SET head_employee_id = 3  WHERE department_id = 2;  -- Orthopedics -> Dr. Johnson
UPDATE Department SET head_employee_id = 5  WHERE department_id = 3;  -- Neurology -> Dr. Kim
UPDATE Department SET head_employee_id = 7  WHERE department_id = 4;  -- Pediatrics -> Dr. O'Brien
UPDATE Department SET head_employee_id = 9  WHERE department_id = 5;  -- Oncology -> Dr. Nguyen
UPDATE Department SET head_employee_id = 11 WHERE department_id = 6;  -- General Surgery -> Dr. Wright
UPDATE Department SET head_employee_id = 12 WHERE department_id = 7;  -- Emergency Medicine -> Dr. Lee
UPDATE Department SET head_employee_id = 14 WHERE department_id = 8;  -- Internal Medicine -> Dr. Davis

BEGIN
    DBMS_OUTPUT.PUT_LINE('Department head employees assigned successfully.');
END;
/

-- ============================================
-- SECTION 4: DoctorSchedule (205 rows)
-- Dates: 2026-04-14 through 2026-04-25
-- Slots: 09:00 to 16:00, mix of 30-min and 60-min
-- max_appointments has been REMOVED (BR4 retired).
-- ============================================

-- Doctor 1 (Robert Chen) - Cardiology
INSERT INTO DoctorSchedule (schedule_id, employee_id, schedule_date, slot_time, slot_duration_mins) VALUES (1, 1, DATE '2026-04-14', '09:00', 60);
INSERT INTO DoctorSchedule (schedule_id, employee_id, schedule_date, slot_time, slot_duration_mins) VALUES (2, 1, DATE '2026-04-14', '10:00', 60);
INSERT INTO DoctorSchedule (schedule_id, employee_id, schedule_date, slot_time, slot_duration_mins) VALUES (3, 1, DATE '2026-04-14', '11:00', 60);
INSERT INTO DoctorSchedule (schedule_id, employee_id, schedule_date, slot_time, slot_duration_mins) VALUES (4, 1, DATE '2026-04-14', '13:00', 60);
INSERT INTO DoctorSchedule (schedule_id, employee_id, schedule_date, slot_time, slot_duration_mins) VALUES (5, 1, DATE '2026-04-14', '14:00', 60);
INSERT INTO DoctorSchedule (schedule_id, employee_id, schedule_date, slot_time, slot_duration_mins) VALUES (6, 1, DATE '2026-04-15', '09:00', 60);
INSERT INTO DoctorSchedule (schedule_id, employee_id, schedule_date, slot_time, slot_duration_mins) VALUES (7, 1, DATE '2026-04-15', '10:00', 60);
INSERT INTO DoctorSchedule (schedule_id, employee_id, schedule_date, slot_time, slot_duration_mins) VALUES (8, 1, DATE '2026-04-15', '11:00', 60);
INSERT INTO DoctorSchedule (schedule_id, employee_id, schedule_date, slot_time, slot_duration_mins) VALUES (9, 1, DATE '2026-04-16', '09:00', 30);
INSERT INTO DoctorSchedule (schedule_id, employee_id, schedule_date, slot_time, slot_duration_mins) VALUES (10, 1, DATE '2026-04-16', '09:30', 30);
INSERT INTO DoctorSchedule (schedule_id, employee_id, schedule_date, slot_time, slot_duration_mins) VALUES (11, 1, DATE '2026-04-16', '10:00', 30);
INSERT INTO DoctorSchedule (schedule_id, employee_id, schedule_date, slot_time, slot_duration_mins) VALUES (12, 1, DATE '2026-04-16', '10:30', 30);

-- Doctor 2 (Sarah Patel) - Cardiology
INSERT INTO DoctorSchedule (schedule_id, employee_id, schedule_date, slot_time, slot_duration_mins) VALUES (13, 2, DATE '2026-04-14', '09:00', 30);
INSERT INTO DoctorSchedule (schedule_id, employee_id, schedule_date, slot_time, slot_duration_mins) VALUES (14, 2, DATE '2026-04-14', '09:30', 30);
INSERT INTO DoctorSchedule (schedule_id, employee_id, schedule_date, slot_time, slot_duration_mins) VALUES (15, 2, DATE '2026-04-14', '10:00', 30);
INSERT INTO DoctorSchedule (schedule_id, employee_id, schedule_date, slot_time, slot_duration_mins) VALUES (16, 2, DATE '2026-04-14', '10:30', 30);
INSERT INTO DoctorSchedule (schedule_id, employee_id, schedule_date, slot_time, slot_duration_mins) VALUES (17, 2, DATE '2026-04-14', '11:00', 30);
INSERT INTO DoctorSchedule (schedule_id, employee_id, schedule_date, slot_time, slot_duration_mins) VALUES (18, 2, DATE '2026-04-15', '09:00', 60);
INSERT INTO DoctorSchedule (schedule_id, employee_id, schedule_date, slot_time, slot_duration_mins) VALUES (19, 2, DATE '2026-04-15', '10:00', 60);
INSERT INTO DoctorSchedule (schedule_id, employee_id, schedule_date, slot_time, slot_duration_mins) VALUES (20, 2, DATE '2026-04-15', '11:00', 60);
INSERT INTO DoctorSchedule (schedule_id, employee_id, schedule_date, slot_time, slot_duration_mins) VALUES (21, 2, DATE '2026-04-17', '13:00', 60);
INSERT INTO DoctorSchedule (schedule_id, employee_id, schedule_date, slot_time, slot_duration_mins) VALUES (22, 2, DATE '2026-04-17', '14:00', 60);
INSERT INTO DoctorSchedule (schedule_id, employee_id, schedule_date, slot_time, slot_duration_mins) VALUES (23, 2, DATE '2026-04-17', '15:00', 60);

-- Doctor 3 (Michael Johnson) - Orthopedics
INSERT INTO DoctorSchedule (schedule_id, employee_id, schedule_date, slot_time, slot_duration_mins) VALUES (24, 3, DATE '2026-04-14', '09:00', 60);
INSERT INTO DoctorSchedule (schedule_id, employee_id, schedule_date, slot_time, slot_duration_mins) VALUES (25, 3, DATE '2026-04-14', '10:00', 60);
INSERT INTO DoctorSchedule (schedule_id, employee_id, schedule_date, slot_time, slot_duration_mins) VALUES (26, 3, DATE '2026-04-14', '11:00', 60);
INSERT INTO DoctorSchedule (schedule_id, employee_id, schedule_date, slot_time, slot_duration_mins) VALUES (27, 3, DATE '2026-04-14', '14:00', 60);
INSERT INTO DoctorSchedule (schedule_id, employee_id, schedule_date, slot_time, slot_duration_mins) VALUES (28, 3, DATE '2026-04-15', '09:00', 30);
INSERT INTO DoctorSchedule (schedule_id, employee_id, schedule_date, slot_time, slot_duration_mins) VALUES (29, 3, DATE '2026-04-15', '09:30', 30);
INSERT INTO DoctorSchedule (schedule_id, employee_id, schedule_date, slot_time, slot_duration_mins) VALUES (30, 3, DATE '2026-04-15', '10:00', 30);
INSERT INTO DoctorSchedule (schedule_id, employee_id, schedule_date, slot_time, slot_duration_mins) VALUES (31, 3, DATE '2026-04-15', '10:30', 30);
INSERT INTO DoctorSchedule (schedule_id, employee_id, schedule_date, slot_time, slot_duration_mins) VALUES (32, 3, DATE '2026-04-16', '09:00', 60);
INSERT INTO DoctorSchedule (schedule_id, employee_id, schedule_date, slot_time, slot_duration_mins) VALUES (33, 3, DATE '2026-04-16', '10:00', 60);
INSERT INTO DoctorSchedule (schedule_id, employee_id, schedule_date, slot_time, slot_duration_mins) VALUES (34, 3, DATE '2026-04-18', '09:00', 60);
INSERT INTO DoctorSchedule (schedule_id, employee_id, schedule_date, slot_time, slot_duration_mins) VALUES (35, 3, DATE '2026-04-18', '10:00', 60);

-- Doctor 4 (Emily Rodriguez) - Orthopedics
INSERT INTO DoctorSchedule (schedule_id, employee_id, schedule_date, slot_time, slot_duration_mins) VALUES (36, 4, DATE '2026-04-14', '13:00', 60);
INSERT INTO DoctorSchedule (schedule_id, employee_id, schedule_date, slot_time, slot_duration_mins) VALUES (37, 4, DATE '2026-04-14', '14:00', 60);
INSERT INTO DoctorSchedule (schedule_id, employee_id, schedule_date, slot_time, slot_duration_mins) VALUES (38, 4, DATE '2026-04-14', '15:00', 60);
INSERT INTO DoctorSchedule (schedule_id, employee_id, schedule_date, slot_time, slot_duration_mins) VALUES (39, 4, DATE '2026-04-15', '09:00', 60);
INSERT INTO DoctorSchedule (schedule_id, employee_id, schedule_date, slot_time, slot_duration_mins) VALUES (40, 4, DATE '2026-04-15', '10:00', 60);
INSERT INTO DoctorSchedule (schedule_id, employee_id, schedule_date, slot_time, slot_duration_mins) VALUES (41, 4, DATE '2026-04-15', '11:00', 30);
INSERT INTO DoctorSchedule (schedule_id, employee_id, schedule_date, slot_time, slot_duration_mins) VALUES (42, 4, DATE '2026-04-15', '11:30', 30);
INSERT INTO DoctorSchedule (schedule_id, employee_id, schedule_date, slot_time, slot_duration_mins) VALUES (43, 4, DATE '2026-04-17', '09:00', 60);
INSERT INTO DoctorSchedule (schedule_id, employee_id, schedule_date, slot_time, slot_duration_mins) VALUES (44, 4, DATE '2026-04-17', '10:00', 60);
INSERT INTO DoctorSchedule (schedule_id, employee_id, schedule_date, slot_time, slot_duration_mins) VALUES (45, 4, DATE '2026-04-17', '11:00', 60);

-- Doctor 5 (David Kim) - Neurology
INSERT INTO DoctorSchedule (schedule_id, employee_id, schedule_date, slot_time, slot_duration_mins) VALUES (46, 5, DATE '2026-04-14', '09:00', 60);
INSERT INTO DoctorSchedule (schedule_id, employee_id, schedule_date, slot_time, slot_duration_mins) VALUES (47, 5, DATE '2026-04-14', '10:00', 60);
INSERT INTO DoctorSchedule (schedule_id, employee_id, schedule_date, slot_time, slot_duration_mins) VALUES (48, 5, DATE '2026-04-14', '11:00', 60);
INSERT INTO DoctorSchedule (schedule_id, employee_id, schedule_date, slot_time, slot_duration_mins) VALUES (49, 5, DATE '2026-04-14', '14:00', 30);
INSERT INTO DoctorSchedule (schedule_id, employee_id, schedule_date, slot_time, slot_duration_mins) VALUES (50, 5, DATE '2026-04-14', '14:30', 30);
INSERT INTO DoctorSchedule (schedule_id, employee_id, schedule_date, slot_time, slot_duration_mins) VALUES (51, 5, DATE '2026-04-15', '09:00', 60);
INSERT INTO DoctorSchedule (schedule_id, employee_id, schedule_date, slot_time, slot_duration_mins) VALUES (52, 5, DATE '2026-04-15', '10:00', 60);
INSERT INTO DoctorSchedule (schedule_id, employee_id, schedule_date, slot_time, slot_duration_mins) VALUES (53, 5, DATE '2026-04-16', '09:00', 60);
INSERT INTO DoctorSchedule (schedule_id, employee_id, schedule_date, slot_time, slot_duration_mins) VALUES (54, 5, DATE '2026-04-16', '10:00', 60);
INSERT INTO DoctorSchedule (schedule_id, employee_id, schedule_date, slot_time, slot_duration_mins) VALUES (55, 5, DATE '2026-04-16', '11:00', 60);
INSERT INTO DoctorSchedule (schedule_id, employee_id, schedule_date, slot_time, slot_duration_mins) VALUES (56, 5, DATE '2026-04-19', '09:00', 60);
INSERT INTO DoctorSchedule (schedule_id, employee_id, schedule_date, slot_time, slot_duration_mins) VALUES (57, 5, DATE '2026-04-19', '10:00', 60);

-- Doctor 6 (Lisa Nakamura) - Neurology
INSERT INTO DoctorSchedule (schedule_id, employee_id, schedule_date, slot_time, slot_duration_mins) VALUES (58, 6, DATE '2026-04-14', '09:00', 30);
INSERT INTO DoctorSchedule (schedule_id, employee_id, schedule_date, slot_time, slot_duration_mins) VALUES (59, 6, DATE '2026-04-14', '09:30', 30);
INSERT INTO DoctorSchedule (schedule_id, employee_id, schedule_date, slot_time, slot_duration_mins) VALUES (60, 6, DATE '2026-04-14', '10:00', 30);
INSERT INTO DoctorSchedule (schedule_id, employee_id, schedule_date, slot_time, slot_duration_mins) VALUES (61, 6, DATE '2026-04-14', '10:30', 30);
INSERT INTO DoctorSchedule (schedule_id, employee_id, schedule_date, slot_time, slot_duration_mins) VALUES (62, 6, DATE '2026-04-15', '13:00', 60);
INSERT INTO DoctorSchedule (schedule_id, employee_id, schedule_date, slot_time, slot_duration_mins) VALUES (63, 6, DATE '2026-04-15', '14:00', 60);
INSERT INTO DoctorSchedule (schedule_id, employee_id, schedule_date, slot_time, slot_duration_mins) VALUES (64, 6, DATE '2026-04-15', '15:00', 60);
INSERT INTO DoctorSchedule (schedule_id, employee_id, schedule_date, slot_time, slot_duration_mins) VALUES (65, 6, DATE '2026-04-17', '09:00', 60);
INSERT INTO DoctorSchedule (schedule_id, employee_id, schedule_date, slot_time, slot_duration_mins) VALUES (66, 6, DATE '2026-04-17', '10:00', 60);
INSERT INTO DoctorSchedule (schedule_id, employee_id, schedule_date, slot_time, slot_duration_mins) VALUES (67, 6, DATE '2026-04-17', '11:00', 60);

-- Doctor 7 (James O'Brien) - Pediatrics
INSERT INTO DoctorSchedule (schedule_id, employee_id, schedule_date, slot_time, slot_duration_mins) VALUES (68, 7, DATE '2026-04-14', '09:00', 30);
INSERT INTO DoctorSchedule (schedule_id, employee_id, schedule_date, slot_time, slot_duration_mins) VALUES (69, 7, DATE '2026-04-14', '09:30', 30);
INSERT INTO DoctorSchedule (schedule_id, employee_id, schedule_date, slot_time, slot_duration_mins) VALUES (70, 7, DATE '2026-04-14', '10:00', 30);
INSERT INTO DoctorSchedule (schedule_id, employee_id, schedule_date, slot_time, slot_duration_mins) VALUES (71, 7, DATE '2026-04-14', '10:30', 30);
INSERT INTO DoctorSchedule (schedule_id, employee_id, schedule_date, slot_time, slot_duration_mins) VALUES (72, 7, DATE '2026-04-14', '11:00', 30);
INSERT INTO DoctorSchedule (schedule_id, employee_id, schedule_date, slot_time, slot_duration_mins) VALUES (73, 7, DATE '2026-04-15', '09:00', 60);
INSERT INTO DoctorSchedule (schedule_id, employee_id, schedule_date, slot_time, slot_duration_mins) VALUES (74, 7, DATE '2026-04-15', '10:00', 60);
INSERT INTO DoctorSchedule (schedule_id, employee_id, schedule_date, slot_time, slot_duration_mins) VALUES (75, 7, DATE '2026-04-15', '11:00', 60);
INSERT INTO DoctorSchedule (schedule_id, employee_id, schedule_date, slot_time, slot_duration_mins) VALUES (76, 7, DATE '2026-04-16', '09:00', 30);
INSERT INTO DoctorSchedule (schedule_id, employee_id, schedule_date, slot_time, slot_duration_mins) VALUES (77, 7, DATE '2026-04-16', '09:30', 30);
INSERT INTO DoctorSchedule (schedule_id, employee_id, schedule_date, slot_time, slot_duration_mins) VALUES (78, 7, DATE '2026-04-16', '10:00', 30);
INSERT INTO DoctorSchedule (schedule_id, employee_id, schedule_date, slot_time, slot_duration_mins) VALUES (79, 7, DATE '2026-04-18', '09:00', 60);
INSERT INTO DoctorSchedule (schedule_id, employee_id, schedule_date, slot_time, slot_duration_mins) VALUES (80, 7, DATE '2026-04-18', '10:00', 60);

-- Doctor 8 (Priya Sharma) - Pediatrics
INSERT INTO DoctorSchedule (schedule_id, employee_id, schedule_date, slot_time, slot_duration_mins) VALUES (81, 8, DATE '2026-04-14', '13:00', 60);
INSERT INTO DoctorSchedule (schedule_id, employee_id, schedule_date, slot_time, slot_duration_mins) VALUES (82, 8, DATE '2026-04-14', '14:00', 60);
INSERT INTO DoctorSchedule (schedule_id, employee_id, schedule_date, slot_time, slot_duration_mins) VALUES (83, 8, DATE '2026-04-14', '15:00', 60);
INSERT INTO DoctorSchedule (schedule_id, employee_id, schedule_date, slot_time, slot_duration_mins) VALUES (84, 8, DATE '2026-04-15', '09:00', 30);
INSERT INTO DoctorSchedule (schedule_id, employee_id, schedule_date, slot_time, slot_duration_mins) VALUES (85, 8, DATE '2026-04-15', '09:30', 30);
INSERT INTO DoctorSchedule (schedule_id, employee_id, schedule_date, slot_time, slot_duration_mins) VALUES (86, 8, DATE '2026-04-15', '10:00', 30);
INSERT INTO DoctorSchedule (schedule_id, employee_id, schedule_date, slot_time, slot_duration_mins) VALUES (87, 8, DATE '2026-04-15', '10:30', 30);
INSERT INTO DoctorSchedule (schedule_id, employee_id, schedule_date, slot_time, slot_duration_mins) VALUES (88, 8, DATE '2026-04-17', '09:00', 60);
INSERT INTO DoctorSchedule (schedule_id, employee_id, schedule_date, slot_time, slot_duration_mins) VALUES (89, 8, DATE '2026-04-17', '10:00', 60);
INSERT INTO DoctorSchedule (schedule_id, employee_id, schedule_date, slot_time, slot_duration_mins) VALUES (90, 8, DATE '2026-04-17', '11:00', 60);

-- Doctor 9 (William Nguyen) - Oncology
INSERT INTO DoctorSchedule (schedule_id, employee_id, schedule_date, slot_time, slot_duration_mins) VALUES (91, 9, DATE '2026-04-14', '09:00', 60);
INSERT INTO DoctorSchedule (schedule_id, employee_id, schedule_date, slot_time, slot_duration_mins) VALUES (92, 9, DATE '2026-04-14', '10:00', 60);
INSERT INTO DoctorSchedule (schedule_id, employee_id, schedule_date, slot_time, slot_duration_mins) VALUES (93, 9, DATE '2026-04-14', '11:00', 60);
INSERT INTO DoctorSchedule (schedule_id, employee_id, schedule_date, slot_time, slot_duration_mins) VALUES (94, 9, DATE '2026-04-15', '09:00', 60);
INSERT INTO DoctorSchedule (schedule_id, employee_id, schedule_date, slot_time, slot_duration_mins) VALUES (95, 9, DATE '2026-04-15', '10:00', 60);
INSERT INTO DoctorSchedule (schedule_id, employee_id, schedule_date, slot_time, slot_duration_mins) VALUES (96, 9, DATE '2026-04-15', '11:00', 60);
INSERT INTO DoctorSchedule (schedule_id, employee_id, schedule_date, slot_time, slot_duration_mins) VALUES (97, 9, DATE '2026-04-16', '13:00', 60);
INSERT INTO DoctorSchedule (schedule_id, employee_id, schedule_date, slot_time, slot_duration_mins) VALUES (98, 9, DATE '2026-04-16', '14:00', 60);
INSERT INTO DoctorSchedule (schedule_id, employee_id, schedule_date, slot_time, slot_duration_mins) VALUES (99, 9, DATE '2026-04-16', '15:00', 60);
INSERT INTO DoctorSchedule (schedule_id, employee_id, schedule_date, slot_time, slot_duration_mins) VALUES (100, 9, DATE '2026-04-20', '09:00', 60);
INSERT INTO DoctorSchedule (schedule_id, employee_id, schedule_date, slot_time, slot_duration_mins) VALUES (101, 9, DATE '2026-04-20', '10:00', 60);

-- Doctor 10 (Angela Martinez) - Oncology
INSERT INTO DoctorSchedule (schedule_id, employee_id, schedule_date, slot_time, slot_duration_mins) VALUES (102, 10, DATE '2026-04-14', '09:00', 60);
INSERT INTO DoctorSchedule (schedule_id, employee_id, schedule_date, slot_time, slot_duration_mins) VALUES (103, 10, DATE '2026-04-14', '10:00', 60);
INSERT INTO DoctorSchedule (schedule_id, employee_id, schedule_date, slot_time, slot_duration_mins) VALUES (104, 10, DATE '2026-04-14', '11:00', 60);
INSERT INTO DoctorSchedule (schedule_id, employee_id, schedule_date, slot_time, slot_duration_mins) VALUES (105, 10, DATE '2026-04-15', '13:00', 30);
INSERT INTO DoctorSchedule (schedule_id, employee_id, schedule_date, slot_time, slot_duration_mins) VALUES (106, 10, DATE '2026-04-15', '13:30', 30);
INSERT INTO DoctorSchedule (schedule_id, employee_id, schedule_date, slot_time, slot_duration_mins) VALUES (107, 10, DATE '2026-04-15', '14:00', 30);
INSERT INTO DoctorSchedule (schedule_id, employee_id, schedule_date, slot_time, slot_duration_mins) VALUES (108, 10, DATE '2026-04-15', '14:30', 30);
INSERT INTO DoctorSchedule (schedule_id, employee_id, schedule_date, slot_time, slot_duration_mins) VALUES (109, 10, DATE '2026-04-17', '09:00', 60);
INSERT INTO DoctorSchedule (schedule_id, employee_id, schedule_date, slot_time, slot_duration_mins) VALUES (110, 10, DATE '2026-04-17', '10:00', 60);

-- Doctor 11 (Thomas Wright) - General Surgery
INSERT INTO DoctorSchedule (schedule_id, employee_id, schedule_date, slot_time, slot_duration_mins) VALUES (111, 11, DATE '2026-04-14', '09:00', 60);
INSERT INTO DoctorSchedule (schedule_id, employee_id, schedule_date, slot_time, slot_duration_mins) VALUES (112, 11, DATE '2026-04-14', '10:00', 60);
INSERT INTO DoctorSchedule (schedule_id, employee_id, schedule_date, slot_time, slot_duration_mins) VALUES (113, 11, DATE '2026-04-14', '11:00', 60);
INSERT INTO DoctorSchedule (schedule_id, employee_id, schedule_date, slot_time, slot_duration_mins) VALUES (114, 11, DATE '2026-04-15', '09:00', 60);
INSERT INTO DoctorSchedule (schedule_id, employee_id, schedule_date, slot_time, slot_duration_mins) VALUES (115, 11, DATE '2026-04-15', '10:00', 60);
INSERT INTO DoctorSchedule (schedule_id, employee_id, schedule_date, slot_time, slot_duration_mins) VALUES (116, 11, DATE '2026-04-16', '09:00', 60);
INSERT INTO DoctorSchedule (schedule_id, employee_id, schedule_date, slot_time, slot_duration_mins) VALUES (117, 11, DATE '2026-04-16', '10:00', 60);
INSERT INTO DoctorSchedule (schedule_id, employee_id, schedule_date, slot_time, slot_duration_mins) VALUES (118, 11, DATE '2026-04-16', '11:00', 60);
INSERT INTO DoctorSchedule (schedule_id, employee_id, schedule_date, slot_time, slot_duration_mins) VALUES (119, 11, DATE '2026-04-18', '09:00', 60);
INSERT INTO DoctorSchedule (schedule_id, employee_id, schedule_date, slot_time, slot_duration_mins) VALUES (120, 11, DATE '2026-04-18', '10:00', 60);

-- Doctor 12 (Catherine Lee) - Emergency Medicine
INSERT INTO DoctorSchedule (schedule_id, employee_id, schedule_date, slot_time, slot_duration_mins) VALUES (121, 12, DATE '2026-04-14', '09:00', 30);
INSERT INTO DoctorSchedule (schedule_id, employee_id, schedule_date, slot_time, slot_duration_mins) VALUES (122, 12, DATE '2026-04-14', '09:30', 30);
INSERT INTO DoctorSchedule (schedule_id, employee_id, schedule_date, slot_time, slot_duration_mins) VALUES (123, 12, DATE '2026-04-14', '10:00', 30);
INSERT INTO DoctorSchedule (schedule_id, employee_id, schedule_date, slot_time, slot_duration_mins) VALUES (124, 12, DATE '2026-04-14', '10:30', 30);
INSERT INTO DoctorSchedule (schedule_id, employee_id, schedule_date, slot_time, slot_duration_mins) VALUES (125, 12, DATE '2026-04-14', '11:00', 30);
INSERT INTO DoctorSchedule (schedule_id, employee_id, schedule_date, slot_time, slot_duration_mins) VALUES (126, 12, DATE '2026-04-15', '09:00', 60);
INSERT INTO DoctorSchedule (schedule_id, employee_id, schedule_date, slot_time, slot_duration_mins) VALUES (127, 12, DATE '2026-04-15', '10:00', 60);
INSERT INTO DoctorSchedule (schedule_id, employee_id, schedule_date, slot_time, slot_duration_mins) VALUES (128, 12, DATE '2026-04-15', '11:00', 60);
INSERT INTO DoctorSchedule (schedule_id, employee_id, schedule_date, slot_time, slot_duration_mins) VALUES (129, 12, DATE '2026-04-16', '09:00', 30);
INSERT INTO DoctorSchedule (schedule_id, employee_id, schedule_date, slot_time, slot_duration_mins) VALUES (130, 12, DATE '2026-04-16', '09:30', 30);
INSERT INTO DoctorSchedule (schedule_id, employee_id, schedule_date, slot_time, slot_duration_mins) VALUES (131, 12, DATE '2026-04-16', '10:00', 30);
INSERT INTO DoctorSchedule (schedule_id, employee_id, schedule_date, slot_time, slot_duration_mins) VALUES (132, 12, DATE '2026-04-19', '09:00', 60);
INSERT INTO DoctorSchedule (schedule_id, employee_id, schedule_date, slot_time, slot_duration_mins) VALUES (133, 12, DATE '2026-04-19', '10:00', 60);

-- Doctor 13 (Ahmed Hassan) - Emergency Medicine
INSERT INTO DoctorSchedule (schedule_id, employee_id, schedule_date, slot_time, slot_duration_mins) VALUES (134, 13, DATE '2026-04-14', '13:00', 60);
INSERT INTO DoctorSchedule (schedule_id, employee_id, schedule_date, slot_time, slot_duration_mins) VALUES (135, 13, DATE '2026-04-14', '14:00', 60);
INSERT INTO DoctorSchedule (schedule_id, employee_id, schedule_date, slot_time, slot_duration_mins) VALUES (136, 13, DATE '2026-04-14', '15:00', 60);
INSERT INTO DoctorSchedule (schedule_id, employee_id, schedule_date, slot_time, slot_duration_mins) VALUES (137, 13, DATE '2026-04-14', '16:00', 60);
INSERT INTO DoctorSchedule (schedule_id, employee_id, schedule_date, slot_time, slot_duration_mins) VALUES (138, 13, DATE '2026-04-15', '09:00', 30);
INSERT INTO DoctorSchedule (schedule_id, employee_id, schedule_date, slot_time, slot_duration_mins) VALUES (139, 13, DATE '2026-04-15', '09:30', 30);
INSERT INTO DoctorSchedule (schedule_id, employee_id, schedule_date, slot_time, slot_duration_mins) VALUES (140, 13, DATE '2026-04-15', '10:00', 30);
INSERT INTO DoctorSchedule (schedule_id, employee_id, schedule_date, slot_time, slot_duration_mins) VALUES (141, 13, DATE '2026-04-17', '09:00', 60);
INSERT INTO DoctorSchedule (schedule_id, employee_id, schedule_date, slot_time, slot_duration_mins) VALUES (142, 13, DATE '2026-04-17', '10:00', 60);
INSERT INTO DoctorSchedule (schedule_id, employee_id, schedule_date, slot_time, slot_duration_mins) VALUES (143, 13, DATE '2026-04-17', '11:00', 60);

-- Doctor 14 (Jennifer Davis) - Internal Medicine
INSERT INTO DoctorSchedule (schedule_id, employee_id, schedule_date, slot_time, slot_duration_mins) VALUES (144, 14, DATE '2026-04-14', '09:00', 60);
INSERT INTO DoctorSchedule (schedule_id, employee_id, schedule_date, slot_time, slot_duration_mins) VALUES (145, 14, DATE '2026-04-14', '10:00', 60);
INSERT INTO DoctorSchedule (schedule_id, employee_id, schedule_date, slot_time, slot_duration_mins) VALUES (146, 14, DATE '2026-04-14', '11:00', 60);
INSERT INTO DoctorSchedule (schedule_id, employee_id, schedule_date, slot_time, slot_duration_mins) VALUES (147, 14, DATE '2026-04-14', '14:00', 30);
INSERT INTO DoctorSchedule (schedule_id, employee_id, schedule_date, slot_time, slot_duration_mins) VALUES (148, 14, DATE '2026-04-14', '14:30', 30);
INSERT INTO DoctorSchedule (schedule_id, employee_id, schedule_date, slot_time, slot_duration_mins) VALUES (149, 14, DATE '2026-04-14', '15:00', 30);
INSERT INTO DoctorSchedule (schedule_id, employee_id, schedule_date, slot_time, slot_duration_mins) VALUES (150, 14, DATE '2026-04-15', '09:00', 60);
INSERT INTO DoctorSchedule (schedule_id, employee_id, schedule_date, slot_time, slot_duration_mins) VALUES (151, 14, DATE '2026-04-15', '10:00', 60);
INSERT INTO DoctorSchedule (schedule_id, employee_id, schedule_date, slot_time, slot_duration_mins) VALUES (152, 14, DATE '2026-04-15', '11:00', 60);
INSERT INTO DoctorSchedule (schedule_id, employee_id, schedule_date, slot_time, slot_duration_mins) VALUES (153, 14, DATE '2026-04-16', '09:00', 60);
INSERT INTO DoctorSchedule (schedule_id, employee_id, schedule_date, slot_time, slot_duration_mins) VALUES (154, 14, DATE '2026-04-16', '10:00', 60);
INSERT INTO DoctorSchedule (schedule_id, employee_id, schedule_date, slot_time, slot_duration_mins) VALUES (155, 14, DATE '2026-04-20', '09:00', 60);
INSERT INTO DoctorSchedule (schedule_id, employee_id, schedule_date, slot_time, slot_duration_mins) VALUES (156, 14, DATE '2026-04-20', '10:00', 60);

-- Doctor 15 (Richard Thompson) - Internal Medicine
INSERT INTO DoctorSchedule (schedule_id, employee_id, schedule_date, slot_time, slot_duration_mins) VALUES (157, 15, DATE '2026-04-14', '09:00', 60);
INSERT INTO DoctorSchedule (schedule_id, employee_id, schedule_date, slot_time, slot_duration_mins) VALUES (158, 15, DATE '2026-04-14', '10:00', 60);
INSERT INTO DoctorSchedule (schedule_id, employee_id, schedule_date, slot_time, slot_duration_mins) VALUES (159, 15, DATE '2026-04-14', '11:00', 60);
INSERT INTO DoctorSchedule (schedule_id, employee_id, schedule_date, slot_time, slot_duration_mins) VALUES (160, 15, DATE '2026-04-15', '09:00', 30);
INSERT INTO DoctorSchedule (schedule_id, employee_id, schedule_date, slot_time, slot_duration_mins) VALUES (161, 15, DATE '2026-04-15', '09:30', 30);
INSERT INTO DoctorSchedule (schedule_id, employee_id, schedule_date, slot_time, slot_duration_mins) VALUES (162, 15, DATE '2026-04-15', '10:00', 30);
INSERT INTO DoctorSchedule (schedule_id, employee_id, schedule_date, slot_time, slot_duration_mins) VALUES (163, 15, DATE '2026-04-15', '10:30', 30);
INSERT INTO DoctorSchedule (schedule_id, employee_id, schedule_date, slot_time, slot_duration_mins) VALUES (164, 15, DATE '2026-04-17', '09:00', 60);
INSERT INTO DoctorSchedule (schedule_id, employee_id, schedule_date, slot_time, slot_duration_mins) VALUES (165, 15, DATE '2026-04-17', '10:00', 60);
INSERT INTO DoctorSchedule (schedule_id, employee_id, schedule_date, slot_time, slot_duration_mins) VALUES (166, 15, DATE '2026-04-17', '11:00', 60);
INSERT INTO DoctorSchedule (schedule_id, employee_id, schedule_date, slot_time, slot_duration_mins) VALUES (167, 15, DATE '2026-04-18', '09:00', 60);
INSERT INTO DoctorSchedule (schedule_id, employee_id, schedule_date, slot_time, slot_duration_mins) VALUES (168, 15, DATE '2026-04-18', '10:00', 60);

-- Additional slots for more coverage (2026-04-21 through 2026-04-25)
-- Doctor 1
INSERT INTO DoctorSchedule (schedule_id, employee_id, schedule_date, slot_time, slot_duration_mins) VALUES (169, 1, DATE '2026-04-21', '09:00', 60);
INSERT INTO DoctorSchedule (schedule_id, employee_id, schedule_date, slot_time, slot_duration_mins) VALUES (170, 1, DATE '2026-04-21', '10:00', 60);
INSERT INTO DoctorSchedule (schedule_id, employee_id, schedule_date, slot_time, slot_duration_mins) VALUES (171, 1, DATE '2026-04-21', '11:00', 60);
-- Doctor 3
INSERT INTO DoctorSchedule (schedule_id, employee_id, schedule_date, slot_time, slot_duration_mins) VALUES (172, 3, DATE '2026-04-21', '09:00', 60);
INSERT INTO DoctorSchedule (schedule_id, employee_id, schedule_date, slot_time, slot_duration_mins) VALUES (173, 3, DATE '2026-04-21', '10:00', 60);
-- Doctor 5
INSERT INTO DoctorSchedule (schedule_id, employee_id, schedule_date, slot_time, slot_duration_mins) VALUES (174, 5, DATE '2026-04-22', '09:00', 60);
INSERT INTO DoctorSchedule (schedule_id, employee_id, schedule_date, slot_time, slot_duration_mins) VALUES (175, 5, DATE '2026-04-22', '10:00', 60);
INSERT INTO DoctorSchedule (schedule_id, employee_id, schedule_date, slot_time, slot_duration_mins) VALUES (176, 5, DATE '2026-04-22', '11:00', 60);
-- Doctor 7
INSERT INTO DoctorSchedule (schedule_id, employee_id, schedule_date, slot_time, slot_duration_mins) VALUES (177, 7, DATE '2026-04-22', '09:00', 30);
INSERT INTO DoctorSchedule (schedule_id, employee_id, schedule_date, slot_time, slot_duration_mins) VALUES (178, 7, DATE '2026-04-22', '09:30', 30);
INSERT INTO DoctorSchedule (schedule_id, employee_id, schedule_date, slot_time, slot_duration_mins) VALUES (179, 7, DATE '2026-04-22', '10:00', 30);
-- Doctor 9
INSERT INTO DoctorSchedule (schedule_id, employee_id, schedule_date, slot_time, slot_duration_mins) VALUES (180, 9, DATE '2026-04-23', '09:00', 60);
INSERT INTO DoctorSchedule (schedule_id, employee_id, schedule_date, slot_time, slot_duration_mins) VALUES (181, 9, DATE '2026-04-23', '10:00', 60);
-- Doctor 11
INSERT INTO DoctorSchedule (schedule_id, employee_id, schedule_date, slot_time, slot_duration_mins) VALUES (182, 11, DATE '2026-04-23', '09:00', 60);
INSERT INTO DoctorSchedule (schedule_id, employee_id, schedule_date, slot_time, slot_duration_mins) VALUES (183, 11, DATE '2026-04-23', '10:00', 60);
INSERT INTO DoctorSchedule (schedule_id, employee_id, schedule_date, slot_time, slot_duration_mins) VALUES (184, 11, DATE '2026-04-23', '11:00', 60);
-- Doctor 12
INSERT INTO DoctorSchedule (schedule_id, employee_id, schedule_date, slot_time, slot_duration_mins) VALUES (185, 12, DATE '2026-04-24', '09:00', 30);
INSERT INTO DoctorSchedule (schedule_id, employee_id, schedule_date, slot_time, slot_duration_mins) VALUES (186, 12, DATE '2026-04-24', '09:30', 30);
INSERT INTO DoctorSchedule (schedule_id, employee_id, schedule_date, slot_time, slot_duration_mins) VALUES (187, 12, DATE '2026-04-24', '10:00', 30);
INSERT INTO DoctorSchedule (schedule_id, employee_id, schedule_date, slot_time, slot_duration_mins) VALUES (188, 12, DATE '2026-04-24', '10:30', 30);
-- Doctor 14
INSERT INTO DoctorSchedule (schedule_id, employee_id, schedule_date, slot_time, slot_duration_mins) VALUES (189, 14, DATE '2026-04-24', '09:00', 60);
INSERT INTO DoctorSchedule (schedule_id, employee_id, schedule_date, slot_time, slot_duration_mins) VALUES (190, 14, DATE '2026-04-24', '10:00', 60);
INSERT INTO DoctorSchedule (schedule_id, employee_id, schedule_date, slot_time, slot_duration_mins) VALUES (191, 14, DATE '2026-04-24', '11:00', 60);
-- Doctor 2
INSERT INTO DoctorSchedule (schedule_id, employee_id, schedule_date, slot_time, slot_duration_mins) VALUES (192, 2, DATE '2026-04-25', '09:00', 60);
INSERT INTO DoctorSchedule (schedule_id, employee_id, schedule_date, slot_time, slot_duration_mins) VALUES (193, 2, DATE '2026-04-25', '10:00', 60);
INSERT INTO DoctorSchedule (schedule_id, employee_id, schedule_date, slot_time, slot_duration_mins) VALUES (194, 2, DATE '2026-04-25', '11:00', 60);
-- Doctor 6
INSERT INTO DoctorSchedule (schedule_id, employee_id, schedule_date, slot_time, slot_duration_mins) VALUES (195, 6, DATE '2026-04-25', '09:00', 30);
INSERT INTO DoctorSchedule (schedule_id, employee_id, schedule_date, slot_time, slot_duration_mins) VALUES (196, 6, DATE '2026-04-25', '09:30', 30);
INSERT INTO DoctorSchedule (schedule_id, employee_id, schedule_date, slot_time, slot_duration_mins) VALUES (197, 6, DATE '2026-04-25', '10:00', 30);
-- Doctor 8
INSERT INTO DoctorSchedule (schedule_id, employee_id, schedule_date, slot_time, slot_duration_mins) VALUES (198, 8, DATE '2026-04-25', '09:00', 60);
INSERT INTO DoctorSchedule (schedule_id, employee_id, schedule_date, slot_time, slot_duration_mins) VALUES (199, 8, DATE '2026-04-25', '10:00', 60);
-- Doctor 10
INSERT INTO DoctorSchedule (schedule_id, employee_id, schedule_date, slot_time, slot_duration_mins) VALUES (200, 10, DATE '2026-04-25', '09:00', 60);
INSERT INTO DoctorSchedule (schedule_id, employee_id, schedule_date, slot_time, slot_duration_mins) VALUES (201, 10, DATE '2026-04-25', '10:00', 60);
-- Doctor 13
INSERT INTO DoctorSchedule (schedule_id, employee_id, schedule_date, slot_time, slot_duration_mins) VALUES (202, 13, DATE '2026-04-25', '09:00', 60);
INSERT INTO DoctorSchedule (schedule_id, employee_id, schedule_date, slot_time, slot_duration_mins) VALUES (203, 13, DATE '2026-04-25', '10:00', 60);
-- Doctor 15
INSERT INTO DoctorSchedule (schedule_id, employee_id, schedule_date, slot_time, slot_duration_mins) VALUES (204, 15, DATE '2026-04-25', '09:00', 60);
INSERT INTO DoctorSchedule (schedule_id, employee_id, schedule_date, slot_time, slot_duration_mins) VALUES (205, 15, DATE '2026-04-25', '10:00', 60);

BEGIN
    DBMS_OUTPUT.PUT_LINE('DoctorSchedule seeded successfully (205 rows).');
END;
/

-- ============================================
-- SECTION 5: DoctorVacation (6 records)
-- Mix of Approved, Pending; one overlapping schedule dates (for TC04).
-- ============================================

-- Approved vacations (approved_by = department head doctor)
INSERT INTO DoctorVacation (vacation_id, employee_id, approved_by, start_date, end_date, reason, status) VALUES (1, 3, 3, DATE '2026-05-01', DATE '2026-05-07', 'Annual family vacation', 'Approved');
INSERT INTO DoctorVacation (vacation_id, employee_id, approved_by, start_date, end_date, reason, status) VALUES (2, 9, 9, DATE '2026-06-15', DATE '2026-06-22', 'Medical conference in Chicago', 'Approved');
INSERT INTO DoctorVacation (vacation_id, employee_id, approved_by, start_date, end_date, reason, status) VALUES (3, 12, 12, DATE '2026-05-10', DATE '2026-05-14', 'Personal leave', 'Approved');
-- Pending vacations (not yet approved)
INSERT INTO DoctorVacation (vacation_id, employee_id, approved_by, start_date, end_date, reason, status) VALUES (4, 7, NULL, DATE '2026-07-01', DATE '2026-07-10', 'Summer holiday', 'Pending');
INSERT INTO DoctorVacation (vacation_id, employee_id, approved_by, start_date, end_date, reason, status) VALUES (5, 14, NULL, DATE '2026-04-28', DATE '2026-05-02', 'Family event', 'Pending');
-- Overlapping with schedule dates for testing (Doctor 5 has schedule on 2026-04-22)
INSERT INTO DoctorVacation (vacation_id, employee_id, approved_by, start_date, end_date, reason, status) VALUES (6, 5, 5, DATE '2026-04-21', DATE '2026-04-23', 'Emergency personal matter', 'Approved');

BEGIN
    DBMS_OUTPUT.PUT_LINE('DoctorVacation seeded successfully (6 records).');
END;
/

COMMIT;
